batch_id,batch_number,product_id,warehouse_id,manufacture_date,expiry_date,inventory_quantity,reorder_point,safety_stock,last_count_date
BAT-001-1,P001-NE-202601,P001,WH-NE,2026-02-27,2027-11-21,46,659,115,2026-09-27
BAT-001-2,P001-NE-202602,P001,WH-NE,2025-10-27,2027-01-30,27,659,115,2026-09-27
BAT-002-1,P001-SE-202601,P001,WH-SE,2026-03-27,2027-06-14,163,528,83,2026-09-27
BAT-002-2,P001-SE-202502,P001,WH-SE,2025-06-27,2027-11-21,118,528,83,2026-09-27
BAT-003-1,P001-MW-202601,P001,WH-MW,2026-03-27,2027-03-16,226,529,79,2026-09-27
BAT-003-2,P001-MW-202502,P001,WH-MW,2025-04-27,2028-05-29,339,529,79,2026-09-27
BAT-004-1,P001-W-202501,P001,WH-W,2025-05-27,2027-01-30,547,543,108,2026-09-27
BAT-004-2,P001-W-202602,P001,WH-W,2025-11-27,2027-01-30,351,543,108,2026-09-27
BAT-005-1,P002-NE-202501,P002,WH-NE,2025-04-27,2027-06-14,646,477,76,2026-09-27
BAT-005-2,P002-NE-202502,P002,WH-NE,2025-03-27,2027-06-14,502,477,76,2026-09-27
BAT-006-1,P002-SE-202601,P002,WH-SE,2025-10-27,2027-03-16,21,484,98,2026-09-27
BAT-006-2,P002-SE-202602,P002,WH-SE,2026-02-27,2026-12-11,35,484,98,2026-09-27
BAT-007-1,P002-MW-202501,P002,WH-MW,2025-06-27,2026-12-11,157,438,80,2026-09-27
BAT-007-2,P002-MW-202502,P002,WH-MW,2025-07-27,2027-11-21,102,438,80,2026-09-27
BAT-008-1,P002-W-202601,P002,WH-W,2026-02-27,2027-06-14,260,414,83,2026-09-27
BAT-008-2,P002-W-202602,P002,WH-W,2026-02-27,2027-03-16,159,414,83,2026-09-27
BAT-009-1,P003-NE-202601,P003,WH-NE,2026-05-27,2027-11-21,429,536,72,2026-09-27
BAT-009-2,P003-NE-202502,P003,WH-NE,2025-08-27,2028-05-29,500,536,72,2026-09-27
BAT-010-1,P003-SE-202501,P003,WH-SE,2025-03-27,2027-06-14,426,436,64,2026-09-27
BAT-010-2,P003-SE-202502,P003,WH-SE,2025-06-27,2027-11-21,636,436,64,2026-09-27
BAT-011-1,P003-MW-202601,P003,WH-MW,2026-04-27,2027-03-16,26,421,60,2026-09-27
BAT-011-2,P003-MW-202502,P003,WH-MW,2025-08-27,2027-01-30,24,421,60,2026-09-27
BAT-012-1,P003-W-202601,P003,WH-W,2026-05-27,2027-01-30,105,422,57,2026-09-27
BAT-012-2,P003-W-202502,P003,WH-W,2025-03-27,2027-06-14,138,422,57,2026-09-27
BAT-013-1,P004-NE-202601,P004,WH-NE,2025-12-27,2027-06-14,628,1273,178,2026-09-27
BAT-013-2,P004-NE-202602,P004,WH-NE,2026-02-27,2027-03-16,696,1273,178,2026-09-27
BAT-014-1,P004-SE-202501,P004,WH-SE,2025-06-27,2027-03-16,1144,1217,182,2026-09-27
BAT-014-2,P004-SE-202502,P004,WH-SE,2025-03-27,2027-01-30,909,1217,182,2026-09-27
BAT-015-1,P004-MW-202501,P004,WH-MW,2025-05-27,2027-03-16,1157,1094,138,2026-09-27
BAT-015-2,P004-MW-202602,P004,WH-MW,2026-05-27,2027-11-21,1748,1094,138,2026-09-27
BAT-016-1,P004-W-202501,P004,WH-W,2025-07-27,2027-03-16,73,1065,160,2026-09-27
BAT-016-2,P004-W-202602,P004,WH-W,2025-12-27,2028-05-29,46,1065,160,2026-09-27
BAT-017-1,P005-NE-202601,P005,WH-NE,2026-02-27,2028-05-29,310,861,129,2026-09-27
BAT-017-2,P005-NE-202602,P005,WH-NE,2026-05-27,2028-05-29,184,861,129,2026-09-27
BAT-018-1,P005-SE-202501,P005,WH-SE,2025-08-27,2027-03-16,297,784,103,2026-09-27
BAT-018-2,P005-SE-202602,P005,WH-SE,2026-05-27,2027-11-21,482,784,103,2026-09-27
BAT-019-1,P005-MW-202601,P005,WH-MW,2026-04-27,2027-01-30,567,767,85,2026-09-27
BAT-019-2,P005-MW-202502,P005,WH-MW,2025-08-27,2027-03-16,788,767,85,2026-09-27
BAT-020-1,P005-W-202501,P005,WH-W,2025-03-27,2027-03-16,858,689,74,2026-09-27
BAT-020-2,P005-W-202602,P005,WH-W,2026-01-27,2026-11-06,772,689,74,2026-09-27
BAT-021-1,P006-NE-202501,P006,WH-NE,2025-05-27,2026-11-06,39,568,62,2026-09-27
BAT-021-2,P006-NE-202502,P006,WH-NE,2025-08-27,2027-01-30,31,568,62,2026-09-27
BAT-022-1,P006-SE-202601,P006,WH-SE,2025-11-27,2027-01-30,152,468,44,2026-09-27
BAT-022-2,P006-SE-202602,P006,WH-SE,2026-02-27,2027-11-21,119,468,44,2026-09-27
BAT-023-1,P006-MW-202501,P006,WH-MW,2025-04-27,2027-11-21,206,529,56,2026-09-27
BAT-023-2,P006-MW-202602,P006,WH-MW,2026-05-27,2027-03-16,285,529,56,2026-09-27
BAT-024-1,P006-W-202601,P006,WH-W,2026-01-27,2027-03-16,274,466,54,2026-09-27
BAT-024-2,P006-W-202502,P006,WH-W,2025-08-27,2027-06-14,450,466,54,2026-09-27
BAT-025-1,P007-NE-202501,P007,WH-NE,2025-06-27,2027-01-30,508,490,91,2026-09-27
BAT-025-2,P007-NE-202502,P007,WH-NE,2025-08-27,2027-03-16,769,490,91,2026-09-27
BAT-026-1,P007-SE-202601,P007,WH-SE,2026-02-27,2027-03-16,33,458,85,2026-09-27
BAT-026-2,P007-SE-202502,P007,WH-SE,2025-09-27,2027-06-14,22,458,85,2026-09-27
BAT-027-1,P007-MW-202601,P007,WH-MW,2026-02-27,2027-03-16,113,409,70,2026-09-27
BAT-027-2,P007-MW-202502,P007,WH-MW,2025-07-27,2027-01-30,117,409,70,2026-09-27
BAT-028-1,P007-W-202601,P007,WH-W,2025-11-27,2027-01-30,203,371,71,2026-09-27
BAT-028-2,P007-W-202602,P007,WH-W,2026-03-27,2028-05-29,154,371,71,2026-09-27
BAT-029-1,P008-NE-202601,P008,WH-NE,2026-02-27,2027-11-21,302,475,80,2026-09-27
BAT-029-2,P008-NE-202502,P008,WH-NE,2025-03-27,2028-05-29,480,475,80,2026-09-27
BAT-030-1,P008-SE-202501,P008,WH-SE,2025-06-27,2027-03-16,644,432,83,2026-09-27
BAT-030-2,P008-SE-202602,P008,WH-SE,2026-05-27,2027-11-21,384,432,83,2026-09-27
BAT-031-1,P008-MW-202601,P008,WH-MW,2026-03-27,2027-06-14,26,418,62,2026-09-27
BAT-031-2,P008-MW-202502,P008,WH-MW,2025-04-27,2028-05-29,22,418,62,2026-09-27
BAT-032-1,P008-W-202601,P008,WH-W,2025-11-27,2027-01-30,105,368,55,2026-09-27
BAT-032-2,P008-W-202502,P008,WH-W,2025-07-27,2027-03-16,110,368,55,2026-09-27
BAT-033-1,P009-NE-202601,P009,WH-NE,2025-11-27,2027-06-14,276,726,98,2026-09-27
BAT-033-2,P009-NE-202602,P009,WH-NE,2026-01-27,2027-06-14,488,726,98,2026-09-27
BAT-034-1,P009-SE-202501,P009,WH-SE,2025-06-27,2027-03-16,661,653,84,2026-09-27
BAT-034-2,P009-SE-202502,P009,WH-SE,2025-09-27,2026-09-02,442,653,84,2026-09-27
BAT-035-1,P009-MW-202601,P009,WH-MW,2026-04-27,2026-09-02,929,676,73,2026-09-27
BAT-035-2,P009-MW-202502,P009,WH-MW,2025-09-27,2027-03-16,879,676,73,2026-09-27
BAT-036-1,P009-W-202501,P009,WH-W,2025-08-27,2027-01-30,35,628,86,2026-09-27
BAT-036-2,P009-W-202602,P009,WH-W,2026-04-27,2027-11-21,41,628,86,2026-09-27
BAT-037-1,P010-NE-202501,P010,WH-NE,2025-03-27,2027-03-16,167,735,98,2026-09-27
BAT-037-2,P010-NE-202502,P010,WH-NE,2025-08-27,2027-11-21,222,735,98,2026-09-27
BAT-038-1,P010-SE-202501,P010,WH-SE,2025-05-27,2028-05-29,298,663,75,2026-09-27
BAT-038-2,P010-SE-202502,P010,WH-SE,2025-06-27,2027-06-14,345,663,75,2026-09-27
BAT-039-1,P010-MW-202501,P010,WH-MW,2025-04-27,2028-05-29,599,644,75,2026-09-27
BAT-039-2,P010-MW-202502,P010,WH-MW,2025-08-27,2028-05-29,459,644,75,2026-09-27
BAT-040-1,P010-W-202601,P010,WH-W,2025-12-27,2027-11-21,714,640,78,2026-09-27
BAT-040-2,P010-W-202602,P010,WH-W,2026-02-27,2027-11-21,876,640,78,2026-09-27
BAT-041-1,P011-NE-202601,P011,WH-NE,2025-10-27,2027-11-21,17,341,56,2026-09-27
BAT-041-2,P011-NE-202602,P011,WH-NE,2025-11-27,2026-12-11,24,341,56,2026-09-27
BAT-042-1,P011-SE-202601,P011,WH-SE,2026-02-27,2026-12-11,56,263,43,2026-09-27
BAT-042-2,P011-SE-202602,P011,WH-SE,2025-12-27,2027-01-30,79,263,43,2026-09-27
BAT-043-1,P011-MW-202601,P011,WH-MW,2025-11-27,2027-03-16,159,301,57,2026-09-27
BAT-043-2,P011-MW-202602,P011,WH-MW,2026-02-27,2028-05-29,151,301,57,2026-09-27
BAT-044-1,P011-W-202501,P011,WH-W,2025-05-27,2027-11-21,278,303,60,2026-09-27
BAT-044-2,P011-W-202502,P011,WH-W,2025-08-27,2027-11-21,230,303,60,2026-09-27
BAT-045-1,P012-NE-202501,P012,WH-NE,2025-06-27,2028-05-29,608,615,84,2026-09-27
BAT-045-2,P012-NE-202502,P012,WH-NE,2025-08-27,2027-11-21,930,615,84,2026-09-27
BAT-046-1,P012-SE-202501,P012,WH-SE,2025-06-27,2027-11-21,31,537,96,2026-09-27
BAT-046-2,P012-SE-202502,P012,WH-SE,2025-07-27,2028-05-29,30,537,96,2026-09-27
BAT-047-1,P012-MW-202601,P012,WH-MW,2026-04-27,2028-05-29,198,587,101,2026-09-27
BAT-047-2,P012-MW-202602,P012,WH-MW,2025-12-27,2028-05-29,109,587,101,2026-09-27
BAT-048-1,P012-W-202601,P012,WH-W,2026-03-27,2027-03-16,201,511,81,2026-09-27
BAT-048-2,P012-W-202502,P012,WH-W,2025-04-27,2027-03-16,337,511,81,2026-09-27
BAT-049-1,P013-NE-202601,P013,WH-NE,2026-04-27,2027-03-16,435,451,64,2026-09-27
BAT-049-2,P013-NE-202502,P013,WH-NE,2025-05-27,2027-06-14,364,451,64,2026-09-27
BAT-050-1,P013-SE-202501,P013,WH-SE,2025-04-27,2027-11-21,449,366,58,2026-09-27
BAT-050-2,P013-SE-202602,P013,WH-SE,2026-03-27,2027-06-14,473,366,58,2026-09-27
BAT-051-1,P013-MW-202601,P013,WH-MW,2025-12-27,2027-06-14,25,409,61,2026-09-27
BAT-051-2,P013-MW-202502,P013,WH-MW,2025-03-27,2027-06-14,26,409,61,2026-09-27
BAT-052-1,P013-W-202601,P013,WH-W,2025-11-27,2027-11-21,118,361,59,2026-09-27
BAT-052-2,P013-W-202602,P013,WH-W,2026-03-27,2027-01-30,78,361,59,2026-09-27
BAT-053-1,P014-NE-202501,P014,WH-NE,2025-07-27,2027-03-16,92,245,28,2026-09-27
BAT-053-2,P014-NE-202602,P014,WH-NE,2026-05-27,2027-11-21,142,245,28,2026-09-27
BAT-054-1,P014-SE-202601,P014,WH-SE,2025-12-27,2027-03-16,173,209,25,2026-09-27
BAT-054-2,P014-SE-202602,P014,WH-SE,2025-12-27,2028-05-29,174,209,25,2026-09-27
BAT-055-1,P014-MW-202601,P014,WH-MW,2026-05-27,2028-05-29,257,226,30,2026-09-27
BAT-055-2,P014-MW-202602,P014,WH-MW,2026-01-27,2026-11-06,332,226,30,2026-09-27
BAT-056-1,P014-W-202501,P014,WH-W,2025-05-27,2026-11-06,11,203,20,2026-09-27
BAT-056-2,P014-W-202502,P014,WH-W,2025-07-27,2027-11-21,13,203,20,2026-09-27
BAT-057-1,P015-NE-202501,P015,WH-NE,2025-04-27,2027-06-14,29,130,15,2026-09-27
BAT-057-2,P015-NE-202602,P015,WH-NE,2025-12-27,2027-11-21,40,130,15,2026-09-27
BAT-058-1,P015-SE-202601,P015,WH-SE,2026-02-27,2028-05-29,58,112,13,2026-09-27
BAT-058-2,P015-SE-202502,P015,WH-SE,2025-05-27,2027-01-30,50,112,13,2026-09-27
BAT-059-1,P015-MW-202601,P015,WH-MW,2026-05-27,2028-05-29,71,106,12,2026-09-27
BAT-059-2,P015-MW-202602,P015,WH-MW,2026-01-27,2028-05-29,100,106,12,2026-09-27
BAT-060-1,P015-W-202501,P015,WH-W,2025-03-27,2027-11-21,97,105,11,2026-09-27
BAT-060-2,P015-W-202502,P015,WH-W,2025-06-27,2027-01-30,159,105,11,2026-09-27
BAT-061-1,P016-NE-202601,P016,WH-NE,2026-02-27,2028-05-29,71,1142,149,2026-09-27
BAT-061-2,P016-NE-202602,P016,WH-NE,2026-02-27,2027-01-30,58,1142,149,2026-09-27
BAT-062-1,P016-SE-202601,P016,WH-SE,2025-11-27,2028-05-29,228,978,141,2026-09-27
BAT-062-2,P016-SE-202502,P016,WH-SE,2025-07-27,2027-01-30,338,978,141,2026-09-27
BAT-063-1,P016-MW-202501,P016,WH-MW,2025-08-27,2027-01-30,472,1052,139,2026-09-27
BAT-063-2,P016-MW-202502,P016,WH-MW,2025-09-27,2027-01-30,609,1052,139,2026-09-27
BAT-064-1,P016-W-202601,P016,WH-W,2026-03-27,2027-06-14,1060,989,126,2026-09-27
BAT-064-2,P016-W-202602,P016,WH-W,2026-04-27,2027-03-16,635,989,126,2026-09-27
BAT-065-1,P017-NE-202601,P017,WH-NE,2026-01-27,2028-05-29,940,838,102,2026-09-27
BAT-065-2,P017-NE-202502,P017,WH-NE,2025-06-27,2027-01-30,1301,838,102,2026-09-27
BAT-066-1,P017-SE-202501,P017,WH-SE,2025-06-27,2027-03-16,39,693,80,2026-09-27
BAT-066-2,P017-SE-202602,P017,WH-SE,2025-10-27,2028-05-29,40,693,80,2026-09-27
BAT-067-1,P017-MW-202601,P017,WH-MW,2026-02-27,2027-03-16,198,714,103,2026-09-27
BAT-067-2,P017-MW-202602,P017,WH-MW,2025-11-27,2027-11-21,171,714,103,2026-09-27
BAT-068-1,P017-W-202601,P017,WH-W,2026-05-27,2027-03-16,362,642,101,2026-09-27
BAT-068-2,P017-W-202602,P017,WH-W,2026-04-27,2027-06-14,330,642,101,2026-09-27
BAT-069-1,P018-NE-202501,P018,WH-NE,2025-07-27,2027-03-16,231,393,62,2026-09-27
BAT-069-2,P018-NE-202602,P018,WH-NE,2025-11-27,2026-09-02,412,393,62,2026-09-27
BAT-070-1,P018-SE-202501,P018,WH-SE,2025-03-27,2026-09-02,605,405,77,2026-09-27
BAT-070-2,P018-SE-202602,P018,WH-SE,2025-11-27,2027-11-21,334,405,77,2026-09-27
BAT-071-1,P018-MW-202501,P018,WH-MW,2025-07-27,2027-11-21,28,341,45,2026-09-27
BAT-071-2,P018-MW-202602,P018,WH-MW,2026-04-27,2027-11-21,16,341,45,2026-09-27
BAT-072-1,P018-W-202501,P018,WH-W,2025-05-27,2027-06-14,103,325,50,2026-09-27
BAT-072-2,P018-W-202602,P018,WH-W,2025-11-27,2027-03-16,78,325,50,2026-09-27
BAT-073-1,P019-NE-202601,P019,WH-NE,2025-11-27,2027-01-30,196,310,60,2026-09-27
BAT-073-2,P019-NE-202502,P019,WH-NE,2025-09-27,2027-06-14,131,310,60,2026-09-27
BAT-074-1,P019-SE-202601,P019,WH-SE,2026-05-27,2028-05-29,204,286,43,2026-09-27
BAT-074-2,P019-SE-202502,P019,WH-SE,2025-08-27,2027-11-21,278,286,43,2026-09-27
BAT-075-1,P019-MW-202501,P019,WH-MW,2025-03-27,2027-01-30,295,276,49,2026-09-27
BAT-075-2,P019-MW-202502,P019,WH-MW,2025-03-27,2027-01-30,421,276,49,2026-09-27
BAT-076-1,P019-W-202601,P019,WH-W,2026-02-27,2027-11-21,14,269,51,2026-09-27
BAT-076-2,P019-W-202602,P019,WH-W,2025-12-27,2026-12-11,20,269,51,2026-09-27
BAT-077-1,P020-NE-202601,P020,WH-NE,2026-05-27,2026-12-11,407,1208,149,2026-09-27
BAT-077-2,P020-NE-202502,P020,WH-NE,2025-06-27,2028-05-29,274,1208,149,2026-09-27
BAT-078-1,P020-SE-202601,P020,WH-SE,2025-11-27,2027-03-16,367,1004,138,2026-09-27
BAT-078-2,P020-SE-202502,P020,WH-SE,2025-09-27,2028-05-29,631,1004,138,2026-09-27
BAT-079-1,P020-MW-202501,P020,WH-MW,2025-04-27,2027-01-30,702,1028,138,2026-09-27
BAT-079-2,P020-MW-202602,P020,WH-MW,2026-02-27,2027-11-21,952,1028,138,2026-09-27
BAT-080-1,P020-W-202601,P020,WH-W,2025-11-27,2028-05-29,1250,961,121,2026-09-27
BAT-080-2,P020-W-202502,P020,WH-W,2025-09-27,2027-01-30,1320,961,121,2026-09-27
BAT-081-1,P021-NE-202501,P021,WH-NE,2025-03-27,2028-05-29,11,225,34,2026-09-27
BAT-081-2,P021-NE-202502,P021,WH-NE,2025-08-27,2028-05-29,15,225,34,2026-09-27
BAT-082-1,P021-SE-202601,P021,WH-SE,2026-05-27,2027-11-21,55,194,32,2026-09-27
BAT-082-2,P021-SE-202602,P021,WH-SE,2026-02-27,2027-01-30,52,194,32,2026-09-27
BAT-083-1,P021-MW-202501,P021,WH-MW,2025-09-27,2027-06-14,131,224,37,2026-09-27
BAT-083-2,P021-MW-202502,P021,WH-MW,2025-08-27,2027-03-16,78,224,37,2026-09-27
BAT-084-1,P021-W-202501,P021,WH-W,2025-07-27,2027-03-16,108,179,36,2026-09-27
BAT-084-2,P021-W-202602,P021,WH-W,2026-02-27,2027-03-16,178,179,36,2026-09-27
BAT-085-1,P022-NE-202601,P022,WH-NE,2026-03-27,2027-01-30,910,977,148,2026-09-27
BAT-085-2,P022-NE-202502,P022,WH-NE,2025-07-27,2027-11-21,1532,977,148,2026-09-27
BAT-086-1,P022-SE-202601,P022,WH-SE,2026-01-27,2027-03-16,57,864,134,2026-09-27
BAT-086-2,P022-SE-202502,P022,WH-SE,2025-09-27,2027-01-30,40,864,134,2026-09-27
BAT-087-1,P022-MW-202601,P022,WH-MW,2025-11-27,2027-06-14,265,849,113,2026-09-27
BAT-087-2,P022-MW-202502,P022,WH-MW,2025-06-27,2027-03-16,219,849,113,2026-09-27
BAT-088-1,P022-W-202601,P022,WH-W,2026-04-27,2027-06-14,358,781,108,2026-09-27
BAT-088-2,P022-W-202602,P022,WH-W,2026-02-27,2027-06-14,408,781,108,2026-09-27
BAT-089-1,P023-NE-202501,P023,WH-NE,2025-07-27,2027-11-21,395,637,66,2026-09-27
BAT-089-2,P023-NE-202502,P023,WH-NE,2025-07-27,2027-06-14,621,637,66,2026-09-27
BAT-090-1,P023-SE-202601,P023,WH-SE,2026-03-27,2027-01-30,572,540,71,2026-09-27
BAT-090-2,P023-SE-202602,P023,WH-SE,2026-03-27,2026-11-06,689,540,71,2026-09-27
BAT-091-1,P023-MW-202601,P023,WH-MW,2026-04-27,2026-11-06,25,539,73,2026-09-27
BAT-091-2,P023-MW-202502,P023,WH-MW,2025-04-27,2027-03-16,36,539,73,2026-09-27
BAT-092-1,P023-W-202601,P023,WH-W,2026-02-27,2027-06-14,188,494,56,2026-09-27
BAT-092-2,P023-W-202602,P023,WH-W,2025-11-27,2027-03-16,102,494,56,2026-09-27
BAT-093-1,P024-NE-202501,P024,WH-NE,2025-05-27,2027-01-30,403,824,126,2026-09-27
BAT-093-2,P024-NE-202502,P024,WH-NE,2025-03-27,2027-01-30,420,824,126,2026-09-27
BAT-094-1,P024-SE-202501,P024,WH-SE,2025-08-27,2028-05-29,551,653,86,2026-09-27
BAT-094-2,P024-SE-202602,P024,WH-SE,2026-04-27,2027-03-16,501,653,86,2026-09-27
BAT-095-1,P024-MW-202501,P024,WH-MW,2025-09-27,2027-11-21,615,715,120,2026-09-27
BAT-095-2,P024-MW-202602,P024,WH-MW,2025-12-27,2027-03-16,1094,715,120,2026-09-27
BAT-096-1,P024-W-202601,P024,WH-W,2026-05-27,2027-01-30,30,608,107,2026-09-27
BAT-096-2,P024-W-202602,P024,WH-W,2025-10-27,2027-03-16,48,608,107,2026-09-27
