purchase_order_id,supplier_id,product_id,warehouse_id,order_date,promised_delivery_date,actual_delivery_date,ordered_quantity,received_quantity,accepted_quantity,unit_cost,status
PO-00001,SUP-001,P001,WH-W,2026-08-25,2026-09-22,2026-09-18,231,220,216,3.15,Delivered
PO-00002,SUP-001,P002,WH-MW,2026-09-05,2026-10-03,2026-09-30,221,219,215,4.14,Delivered
PO-00003,SUP-001,P019,WH-NE,2026-02-19,2026-03-19,2026-03-17,1050,1013,1006,8.45,Delivered
PO-00004,SUP-001,P019,WH-W,2026-05-04,2026-06-01,2026-06-14,276,269,266,8.93,Delivered
PO-00005,SUP-001,P019,WH-W,2025-07-13,2025-08-10,2025-08-07,267,260,259,9.02,Delivered
PO-00006,SUP-001,P019,WH-NE,2025-12-19,2026-01-16,2026-01-14,283,274,274,8.94,Delivered
PO-00007,SUP-001,P001,WH-W,2026-06-26,2026-07-24,2026-07-24,496,496,481,3.17,Delivered
PO-00008,SUP-001,P019,WH-MW,2026-08-01,2026-08-29,2026-08-26,325,306,300,8.73,Delivered
PO-00009,SUP-001,P019,WH-NE,2025-11-08,2025-12-06,2025-12-01,781,760,743,8.96,Delivered
PO-00010,SUP-001,P019,WH-NE,2025-05-24,2025-06-21,2025-06-16,380,363,360,8.48,Delivered
PO-00011,SUP-001,P019,WH-NE,2026-01-21,2026-02-18,2026-02-16,340,327,322,8.71,Delivered
PO-00012,SUP-001,P019,WH-MW,2026-07-12,2026-08-09,2026-08-07,270,260,252,8.46,Delivered
PO-00013,SUP-001,P002,WH-SE,2026-04-29,2026-05-27,2026-05-25,598,574,573,3.94,Delivered
PO-00014,SUP-001,P001,WH-W,2025-10-17,2025-11-14,2025-11-11,681,656,636,3.15,Delivered
PO-00015,SUP-001,P002,WH-W,2026-05-24,2026-06-21,2026-06-19,699,694,692,3.94,Delivered
PO-00016,SUP-001,P002,WH-W,2025-10-26,2025-11-23,2025-11-23,1129,1121,1099,4.1,Delivered
PO-00017,SUP-001,P002,WH-SE,2026-05-24,2026-06-21,,472,0,0,4.1,Cancelled
PO-00018,SUP-001,P002,WH-NE,2026-08-29,2026-09-26,2026-09-22,387,374,362,4.13,Delivered
PO-00019,SUP-001,P001,WH-W,2025-08-25,2025-09-22,2025-09-17,724,692,684,3.09,Delivered
PO-00020,SUP-001,P019,WH-MW,2026-05-19,2026-06-16,2026-06-15,582,577,567,8.68,Delivered
PO-00021,SUP-001,P019,WH-MW,2025-06-02,2025-06-30,2025-06-27,834,833,820,8.86,Delivered
PO-00022,SUP-001,P019,WH-SE,2025-11-08,2025-12-06,2025-12-05,1009,971,950,8.84,Delivered
PO-00023,SUP-001,P019,WH-SE,2025-11-07,2025-12-05,2025-12-03,1007,964,948,8.51,Delivered
PO-00024,SUP-001,P019,WH-MW,2025-09-08,2025-10-06,2025-10-04,559,527,524,8.61,Delivered
PO-00025,SUP-001,P002,WH-W,2025-07-01,2025-07-29,2025-07-28,850,844,835,3.96,Delivered
PO-00026,SUP-001,P001,WH-MW,2025-05-19,2025-06-16,2025-06-15,714,678,669,3.14,Delivered
PO-00027,SUP-001,P001,WH-MW,2025-08-13,2025-09-10,2025-09-06,1026,989,962,3.17,Delivered
PO-00028,SUP-001,P019,WH-MW,2026-09-01,2026-09-29,2026-09-28,1065,1015,997,8.74,Delivered
PO-00029,SUP-001,P002,WH-SE,2026-02-26,2026-03-26,2026-03-25,1180,1114,1088,3.9,Delivered
PO-00030,SUP-001,P002,WH-MW,2026-07-31,2026-08-28,2026-08-26,803,765,758,3.98,Delivered
PO-00031,SUP-001,P002,WH-W,2026-07-04,2026-08-01,2026-07-28,241,235,230,4.12,Delivered
PO-00032,SUP-001,P019,WH-MW,2026-07-28,2026-08-25,2026-08-23,1088,1077,1061,8.99,Delivered
PO-00033,SUP-001,P019,WH-W,2026-01-28,2026-02-25,2026-02-22,717,682,668,8.45,Delivered
PO-00034,SUP-001,P002,WH-NE,2025-06-07,2025-07-05,2025-07-05,542,531,524,4.06,Delivered
PO-00035,SUP-001,P002,WH-W,2026-05-16,2026-06-13,2026-06-13,512,482,477,4.12,Delivered
PO-00036,SUP-001,P001,WH-W,2025-11-09,2025-12-07,2025-12-06,1092,1029,1018,3.05,Delivered
PO-00037,SUP-001,P001,WH-W,2026-08-17,2026-09-14,2026-09-13,717,709,694,3.04,Delivered
PO-00038,SUP-001,P001,WH-NE,2026-06-15,2026-07-13,2026-07-13,653,640,638,3.07,Delivered
PO-00039,SUP-001,P001,WH-W,2025-11-01,2025-11-29,2025-11-25,1125,1073,1052,3.16,Delivered
PO-00040,SUP-001,P002,WH-NE,2026-03-20,2026-04-17,2026-04-15,896,890,881,3.96,Delivered
PO-00041,SUP-001,P001,WH-NE,2026-01-27,2026-02-24,2026-02-22,392,378,374,3.07,Delivered
PO-00042,SUP-001,P001,WH-MW,2026-03-05,2026-04-02,2026-04-01,922,896,880,3.03,Delivered
PO-00043,SUP-001,P019,WH-NE,2026-03-02,2026-03-30,2026-03-27,1020,993,977,8.77,Delivered
PO-00044,SUP-001,P019,WH-MW,2025-08-14,2025-09-11,2025-09-09,858,816,797,8.64,Delivered
PO-00045,SUP-001,P019,WH-W,2025-10-26,2025-11-23,2025-11-19,968,921,912,8.7,Delivered
PO-00046,SUP-001,P001,WH-W,2025-12-22,2026-01-19,2026-01-15,201,190,187,3.15,Delivered
PO-00047,SUP-001,P019,WH-W,2025-06-29,2025-07-27,2025-07-25,179,173,168,8.5,Delivered
PO-00048,SUP-001,P002,WH-W,2026-09-09,2026-10-07,2026-10-04,154,147,143,3.93,Delivered
PO-00049,SUP-002,P012,WH-MW,2025-12-12,2026-01-16,2026-01-11,535,529,515,5.15,Delivered
PO-00050,SUP-002,P012,WH-NE,2025-06-14,2025-07-19,2025-07-19,1137,1075,1046,5.08,Delivered
PO-00051,SUP-002,P003,WH-W,2025-12-30,2026-02-03,2026-02-02,596,576,560,6.71,Delivered
PO-00052,SUP-002,P003,WH-NE,2025-08-01,2025-09-05,,161,0,0,6.79,Cancelled
PO-00053,SUP-002,P024,WH-NE,2026-04-06,2026-05-11,2026-05-09,564,547,534,2.91,Delivered
PO-00054,SUP-002,P003,WH-MW,2026-08-24,2026-09-28,2026-09-27,1068,1016,983,6.89,Delivered
PO-00055,SUP-002,P024,WH-NE,2025-06-11,2025-07-16,2025-07-16,423,412,398,2.91,Delivered
PO-00056,SUP-002,P012,WH-SE,2026-07-15,2026-08-19,2026-08-18,1009,1004,974,5.3,Delivered
PO-00057,SUP-002,P003,WH-NE,2026-06-10,2026-07-15,2026-07-15,722,696,685,7.06,Delivered
PO-00058,SUP-002,P012,WH-W,2026-04-08,2026-05-13,2026-05-11,1125,1085,1054,5.34,Delivered
PO-00059,SUP-002,P024,WH-NE,2026-05-19,2026-06-23,2026-06-18,1106,1047,1022,2.74,Delivered
PO-00060,SUP-002,P003,WH-MW,2026-07-27,2026-08-31,2026-08-29,929,905,895,7.02,Delivered
PO-00061,SUP-002,P024,WH-SE,2025-09-11,2025-10-16,2025-10-21,879,871,852,2.77,Delivered
PO-00062,SUP-002,P012,WH-MW,2026-05-16,2026-06-20,2026-06-16,795,752,745,5.37,Delivered
PO-00063,SUP-002,P012,WH-W,2026-01-05,2026-02-09,2026-02-08,731,708,692,5.27,Delivered
PO-00064,SUP-002,P012,WH-MW,2026-02-08,2026-03-15,2026-03-11,376,361,351,5.41,Delivered
PO-00065,SUP-002,P012,WH-MW,2025-11-20,2025-12-25,2025-12-23,527,508,493,5.28,Delivered
PO-00066,SUP-002,P003,WH-MW,2025-08-13,2025-09-17,2025-09-15,339,326,318,6.77,Delivered
PO-00067,SUP-002,P012,WH-SE,2026-01-21,2026-02-25,2026-02-21,618,596,579,5.12,Delivered
PO-00068,SUP-002,P024,WH-SE,2026-02-08,2026-03-15,2026-03-23,440,422,413,2.83,Delivered
PO-00069,SUP-002,P024,WH-MW,2026-04-05,2026-05-10,2026-05-06,976,959,947,2.78,Delivered
PO-00070,SUP-002,P024,WH-W,2025-06-30,2025-08-04,2025-07-31,856,841,819,2.81,Delivered
PO-00071,SUP-002,P024,WH-W,2025-09-05,2025-10-10,2025-10-08,551,523,522,2.76,Delivered
PO-00072,SUP-002,P003,WH-SE,2026-06-22,2026-07-27,2026-07-23,351,337,328,6.9,Delivered
PO-00073,SUP-002,P012,WH-MW,2025-06-13,2025-07-18,2025-07-16,289,286,281,5.25,Delivered
PO-00074,SUP-002,P012,WH-W,2026-01-13,2026-02-17,2026-02-16,874,846,828,5.28,Delivered
PO-00075,SUP-002,P003,WH-W,2025-08-25,2025-09-29,2025-09-28,580,570,557,6.95,Delivered
PO-00076,SUP-002,P024,WH-NE,2026-01-17,2026-02-21,2026-02-20,1158,1129,1092,2.81,Delivered
PO-00077,SUP-002,P012,WH-NE,2026-02-19,2026-03-26,2026-03-25,202,197,196,5.13,Delivered
PO-00078,SUP-002,P012,WH-NE,2026-08-14,2026-09-18,2026-09-16,957,952,943,5.34,Delivered
PO-00079,SUP-002,P003,WH-MW,2026-08-02,2026-09-06,2026-09-09,466,456,446,6.69,Delivered
PO-00080,SUP-002,P012,WH-NE,2026-07-05,2026-08-09,2026-08-08,186,182,180,5.35,Delivered
PO-00081,SUP-002,P012,WH-SE,2025-12-08,2026-01-12,2026-01-07,280,273,267,5.12,Delivered
PO-00082,SUP-002,P012,WH-W,2026-05-28,2026-07-02,2026-07-02,841,819,805,5.09,Delivered
PO-00083,SUP-002,P024,WH-W,2026-06-24,2026-07-29,2026-07-26,369,364,349,2.8,Delivered
PO-00084,SUP-002,P024,WH-SE,2025-11-23,2025-12-28,2025-12-27,184,179,176,2.75,Delivered
PO-00085,SUP-002,P003,WH-MW,2026-06-28,2026-08-02,2026-07-28,305,288,283,6.68,Delivered
PO-00086,SUP-002,P024,WH-SE,2025-07-18,2025-08-22,2025-08-19,555,548,533,2.83,Delivered
PO-00087,SUP-002,P003,WH-NE,2026-01-29,2026-03-05,2026-03-05,519,519,510,6.9,Delivered
PO-00088,SUP-002,P003,WH-MW,2026-04-29,2026-06-03,2026-06-03,562,550,538,6.68,Delivered
PO-00089,SUP-002,P003,WH-W,2026-07-26,2026-08-30,2026-08-27,627,611,604,6.61,Delivered
PO-00090,SUP-002,P003,WH-MW,2026-02-19,2026-03-26,2026-03-23,811,799,776,6.85,Delivered
PO-00091,SUP-002,P024,WH-W,2025-12-12,2026-01-16,2026-01-13,256,250,240,2.8,Delivered
PO-00092,SUP-002,P012,WH-NE,2025-10-17,2025-11-21,2025-11-19,942,941,907,5.37,Delivered
PO-00093,SUP-002,P024,WH-W,2026-03-10,2026-04-14,2026-04-12,1052,995,966,2.76,Delivered
PO-00094,SUP-002,P012,WH-MW,2025-12-06,2026-01-10,2026-01-16,168,166,163,5.08,Delivered
PO-00095,SUP-002,P003,WH-W,2025-09-06,2025-10-11,2025-10-08,186,178,171,7.02,Delivered
PO-00096,SUP-002,P003,WH-MW,2025-10-25,2025-11-29,2025-12-04,978,943,916,6.97,Delivered
PO-00097,SUP-003,P020,WH-SE,2026-04-05,2026-05-17,2026-05-27,510,506,481,2.09,Delivered
PO-00098,SUP-003,P016,WH-NE,2025-12-27,2026-02-07,2026-02-03,757,723,685,2.32,Delivered
PO-00099,SUP-003,P004,WH-W,2025-11-11,2025-12-23,2025-12-20,687,662,642,1.9,Delivered
PO-00100,SUP-003,P020,WH-NE,2026-01-25,2026-03-08,2026-03-04,563,539,513,2.07,Delivered
PO-00101,SUP-003,P016,WH-SE,2026-05-10,2026-06-21,2026-06-16,639,615,591,2.31,Delivered
PO-00102,SUP-003,P016,WH-NE,2025-08-05,2025-09-16,2025-09-13,358,340,322,2.32,Delivered
PO-00103,SUP-003,P020,WH-NE,2025-10-24,2025-12-05,2025-12-01,592,589,558,2.06,Delivered
PO-00104,SUP-003,P005,WH-NE,2026-07-29,2026-09-09,2026-09-07,683,681,652,2.66,Delivered
PO-00105,SUP-003,P004,WH-NE,2025-10-19,2025-11-30,2025-11-28,598,568,546,1.91,Delivered
PO-00106,SUP-003,P020,WH-MW,2026-01-08,2026-02-19,2026-02-18,184,179,175,2.11,Delivered
PO-00107,SUP-003,P020,WH-W,2026-03-04,2026-04-15,2026-04-14,764,721,688,2.06,Delivered
PO-00108,SUP-003,P020,WH-MW,2025-06-06,2025-07-18,2025-07-13,336,326,313,2.16,Delivered
PO-00109,SUP-003,P005,WH-MW,2025-11-24,2026-01-05,2026-01-05,155,150,145,2.73,Delivered
PO-00110,SUP-003,P004,WH-SE,2026-04-17,2026-05-29,2026-05-29,461,445,427,1.9,Delivered
PO-00111,SUP-003,P004,WH-NE,2025-11-08,2025-12-20,2025-12-15,284,277,271,1.8,Delivered
PO-00112,SUP-003,P020,WH-NE,2025-06-02,2025-07-14,2025-07-09,163,155,148,2.12,Delivered
PO-00113,SUP-003,P005,WH-NE,2026-07-21,2026-09-01,2026-08-28,362,356,340,2.7,Delivered
PO-00114,SUP-003,P016,WH-MW,2026-05-06,2026-06-17,2026-06-12,388,369,357,2.24,Delivered
PO-00115,SUP-003,P004,WH-NE,2026-04-07,2026-05-19,2026-05-19,448,447,437,1.8,Delivered
PO-00116,SUP-003,P016,WH-W,2025-07-22,2025-09-02,2025-08-28,627,607,578,2.33,Delivered
PO-00117,SUP-003,P004,WH-NE,2025-05-19,2025-06-30,2025-06-30,1157,1130,1104,1.8,Delivered
PO-00118,SUP-003,P004,WH-SE,2025-12-26,2026-02-06,2026-02-03,840,824,794,1.82,Delivered
PO-00119,SUP-003,P004,WH-W,2025-09-28,2025-11-09,2025-11-14,794,748,726,1.8,Delivered
PO-00120,SUP-003,P004,WH-W,2026-08-03,2026-09-14,,665,0,0,1.8,Cancelled
PO-00121,SUP-003,P020,WH-NE,2026-03-18,2026-04-29,2026-04-26,630,626,604,2.17,Delivered
PO-00122,SUP-003,P005,WH-MW,2025-09-14,2025-10-26,2025-10-24,496,485,470,2.75,Delivered
PO-00123,SUP-003,P005,WH-SE,2026-04-22,2026-06-03,2026-06-03,601,569,544,2.69,Delivered
PO-00124,SUP-003,P004,WH-MW,2026-08-19,2026-09-30,2026-09-25,1179,1128,1083,1.86,Delivered
PO-00125,SUP-003,P016,WH-SE,2026-06-28,2026-08-09,2026-08-07,743,731,708,2.26,Delivered
PO-00126,SUP-003,P016,WH-SE,2025-09-24,2025-11-05,2025-11-04,757,722,697,2.3,Delivered
PO-00127,SUP-003,P005,WH-NE,2026-08-08,2026-09-19,2026-09-15,257,254,241,2.65,Delivered
PO-00128,SUP-003,P004,WH-NE,2026-02-23,2026-04-06,2026-04-04,786,741,716,1.92,Delivered
PO-00129,SUP-003,P016,WH-NE,2026-05-04,2026-06-15,2026-06-13,392,387,373,2.27,Delivered
PO-00130,SUP-003,P004,WH-MW,2026-04-11,2026-05-23,,1113,0,0,1.87,Cancelled
PO-00131,SUP-003,P005,WH-NE,2026-02-02,2026-03-16,2026-03-15,803,788,765,2.81,Delivered
PO-00132,SUP-003,P020,WH-W,2026-05-13,2026-06-24,2026-07-04,227,219,212,2.13,Delivered
PO-00133,SUP-003,P004,WH-SE,2025-09-12,2025-10-24,2025-10-24,1111,1057,1030,1.84,Delivered
PO-00134,SUP-003,P016,WH-SE,2026-02-22,2026-04-05,2026-04-05,225,213,208,2.35,Delivered
PO-00135,SUP-003,P020,WH-W,2026-05-19,2026-06-30,2026-06-26,815,787,764,2.04,Delivered
PO-00136,SUP-003,P005,WH-SE,2025-11-18,2025-12-30,2026-01-03,441,420,403,2.77,Delivered
PO-00137,SUP-003,P004,WH-W,2026-08-27,2026-10-08,2026-10-06,1031,1022,981,1.88,Delivered
PO-00138,SUP-003,P016,WH-W,2026-06-30,2026-08-11,2026-08-06,978,941,900,2.29,Delivered
PO-00139,SUP-003,P005,WH-MW,2026-07-03,2026-08-14,,1103,0,0,2.65,Cancelled
PO-00140,SUP-003,P004,WH-MW,2026-05-17,2026-06-28,2026-06-23,747,714,695,1.8,Delivered
PO-00141,SUP-003,P020,WH-SE,2025-06-11,2025-07-23,2025-07-31,400,381,365,2.15,Delivered
PO-00142,SUP-003,P020,WH-W,2026-01-14,2026-02-25,2026-02-22,869,862,829,2.12,Delivered
PO-00143,SUP-003,P004,WH-NE,2026-09-03,2026-10-15,,312,0,0,1.85,Open
PO-00144,SUP-003,P005,WH-W,2025-12-29,2026-02-09,2026-02-04,465,464,444,2.74,Delivered
PO-00145,SUP-004,P014,WH-W,2025-08-23,2025-10-11,2025-10-11,728,698,691,82.09,Delivered
PO-00146,SUP-004,P006,WH-SE,2026-06-08,2026-07-27,2026-07-22,938,921,917,30.92,Delivered
PO-00147,SUP-004,P015,WH-SE,2026-03-29,2026-05-17,2026-05-15,942,898,898,130.52,Delivered
PO-00148,SUP-004,P006,WH-W,2026-09-11,2026-10-30,,1015,0,0,30.76,Open
PO-00149,SUP-004,P006,WH-NE,2026-04-02,2026-05-21,2026-05-21,614,596,596,31.43,Delivered
PO-00150,SUP-004,P015,WH-NE,2026-07-24,2026-09-11,2026-09-09,452,442,437,127.23,Delivered
PO-00151,SUP-004,P014,WH-SE,2026-05-20,2026-07-08,,369,0,0,80.8,Cancelled
PO-00152,SUP-004,P006,WH-MW,2025-05-27,2025-07-15,2025-07-14,474,465,465,31.98,Delivered
PO-00153,SUP-004,P014,WH-NE,2025-07-01,2025-08-19,2025-08-15,1175,1160,1140,81.74,Delivered
PO-00154,SUP-004,P014,WH-SE,2026-01-22,2026-03-12,2026-03-09,469,442,436,82.24,Delivered
PO-00155,SUP-004,P014,WH-W,2026-03-11,2026-04-29,2026-04-29,698,676,672,80.53,Delivered
PO-00156,SUP-004,P015,WH-W,2026-09-12,2026-10-31,,794,0,0,126.56,Open
PO-00157,SUP-004,P015,WH-W,2026-03-30,2026-05-18,2026-05-16,855,839,839,126.73,Delivered
PO-00158,SUP-004,P015,WH-SE,2025-06-13,2025-08-01,2025-07-28,1163,1106,1106,127.07,Delivered
PO-00159,SUP-004,P014,WH-NE,2025-11-06,2025-12-25,2025-12-23,376,359,351,80.35,Delivered
PO-00160,SUP-004,P015,WH-SE,2025-10-01,2025-11-19,2025-11-16,182,179,178,132.81,Delivered
PO-00161,SUP-004,P014,WH-SE,2025-07-21,2025-09-08,2025-09-07,908,861,861,82.18,Delivered
PO-00162,SUP-004,P015,WH-MW,2025-07-19,2025-09-06,2025-09-20,648,623,616,125.95,Delivered
PO-00163,SUP-004,P006,WH-SE,2025-05-22,2025-07-10,2025-07-06,405,388,383,32.74,Delivered
PO-00164,SUP-004,P014,WH-MW,2025-12-11,2026-01-29,2026-01-28,576,566,566,83.75,Delivered
PO-00165,SUP-004,P006,WH-MW,2026-08-05,2026-09-23,2026-09-22,1132,1077,1075,32.18,Delivered
PO-00166,SUP-004,P015,WH-MW,2026-08-11,2026-09-29,2026-09-27,1182,1164,1149,130.84,Delivered
PO-00167,SUP-004,P015,WH-W,2026-04-17,2026-06-05,2026-05-31,329,322,319,132.08,Delivered
PO-00168,SUP-004,P014,WH-NE,2025-08-19,2025-10-07,2025-10-07,868,866,850,81.21,Delivered
PO-00169,SUP-004,P014,WH-MW,2025-12-28,2026-02-15,2026-02-12,476,474,470,80.6,Delivered
PO-00170,SUP-004,P006,WH-W,2026-04-21,2026-06-09,2026-06-08,878,846,843,31.17,Delivered
PO-00171,SUP-004,P014,WH-NE,2026-06-26,2026-08-14,2026-08-10,876,874,856,84.08,Delivered
PO-00172,SUP-004,P015,WH-W,2026-06-29,2026-08-17,2026-08-13,1142,1088,1087,126.54,Delivered
PO-00173,SUP-004,P006,WH-NE,2026-04-08,2026-05-27,2026-05-25,560,535,535,31.17,Delivered
PO-00174,SUP-004,P015,WH-SE,2026-01-11,2026-03-01,2026-02-24,408,404,397,132.81,Delivered
PO-00175,SUP-004,P006,WH-NE,2025-08-08,2025-09-26,2025-09-21,421,401,400,32.66,Delivered
PO-00176,SUP-004,P015,WH-NE,2026-03-26,2026-05-14,2026-05-11,715,684,684,128.63,Delivered
PO-00177,SUP-004,P006,WH-W,2026-02-22,2026-04-12,2026-04-07,465,443,434,30.63,Delivered
PO-00178,SUP-004,P006,WH-W,2025-06-10,2025-07-29,2025-07-26,808,800,796,30.83,Delivered
PO-00179,SUP-004,P014,WH-NE,2026-01-19,2026-03-09,2026-03-08,988,961,961,81.77,Delivered
PO-00180,SUP-004,P014,WH-W,2025-08-13,2025-10-01,2025-09-26,304,288,286,83.39,Delivered
PO-00181,SUP-004,P014,WH-NE,2026-07-15,2026-09-02,2026-09-13,1133,1085,1073,80.92,Delivered
PO-00182,SUP-004,P014,WH-SE,2025-06-22,2025-08-10,2025-08-10,302,286,282,83.58,Delivered
PO-00183,SUP-004,P006,WH-NE,2025-09-01,2025-10-20,2025-10-16,182,178,176,30.87,Delivered
PO-00184,SUP-004,P015,WH-W,2026-02-19,2026-04-09,2026-04-04,250,243,242,131.58,Delivered
PO-00185,SUP-004,P015,WH-NE,2025-09-12,2025-10-31,2025-10-28,219,219,217,132.66,Delivered
PO-00186,SUP-004,P006,WH-MW,2026-05-04,2026-06-22,2026-06-17,656,629,612,30.75,Delivered
PO-00187,SUP-004,P006,WH-MW,2026-04-16,2026-06-04,2026-06-02,221,218,215,31.53,Delivered
PO-00188,SUP-004,P006,WH-MW,2025-08-16,2025-10-04,2025-09-29,219,217,215,31.69,Delivered
PO-00189,SUP-004,P006,WH-NE,2025-07-16,2025-09-03,2025-09-01,1101,1042,1024,31.9,Delivered
PO-00190,SUP-004,P006,WH-NE,2026-08-05,2026-09-23,2026-09-19,280,268,266,31.78,Delivered
PO-00191,SUP-004,P015,WH-MW,2025-11-14,2026-01-02,2025-12-30,1020,1002,994,129.05,Delivered
PO-00192,SUP-004,P006,WH-SE,2025-09-06,2025-10-25,2025-10-24,496,496,494,30.99,Delivered
PO-00193,SUP-005,P018,WH-W,2025-06-02,2025-07-04,2025-07-01,1009,970,957,5.99,Delivered
PO-00194,SUP-005,P008,WH-MW,2026-03-10,2026-04-11,2026-04-11,850,846,825,18.49,Delivered
PO-00195,SUP-005,P018,WH-MW,2025-08-12,2025-09-13,,1011,0,0,5.9,Cancelled
PO-00196,SUP-005,P008,WH-MW,2026-02-19,2026-03-23,2026-04-03,367,349,339,19.17,Delivered
PO-00197,SUP-005,P008,WH-NE,2026-06-09,2026-07-11,2026-07-09,353,352,345,19.05,Delivered
PO-00198,SUP-005,P008,WH-NE,2026-08-07,2026-09-08,2026-09-05,753,730,715,18.6,Delivered
PO-00199,SUP-005,P007,WH-W,2025-12-15,2026-01-16,2026-01-21,968,911,885,12.55,Delivered
PO-00200,SUP-005,P007,WH-SE,2026-07-23,2026-08-24,2026-08-19,833,806,788,12.48,Delivered
PO-00201,SUP-005,P007,WH-MW,2025-08-23,2025-09-24,2025-09-19,913,866,838,12.48,Delivered
PO-00202,SUP-005,P007,WH-SE,2026-09-13,2026-10-15,,1157,0,0,12.86,Open
PO-00203,SUP-005,P018,WH-W,2026-05-17,2026-06-18,,529,0,0,5.94,Cancelled
PO-00204,SUP-005,P018,WH-W,2026-08-25,2026-09-26,2026-09-22,313,308,296,5.73,Delivered
PO-00205,SUP-005,P018,WH-MW,2026-01-11,2026-02-12,2026-02-11,761,749,724,5.7,Delivered
PO-00206,SUP-005,P018,WH-NE,2026-05-04,2026-06-05,2026-05-31,1104,1041,1008,5.91,Delivered
PO-00207,SUP-005,P007,WH-W,2025-12-07,2026-01-08,2026-01-03,1161,1143,1096,12.75,Delivered
PO-00208,SUP-005,P008,WH-W,2026-01-18,2026-02-19,2026-02-16,454,435,420,18.6,Delivered
PO-00209,SUP-005,P007,WH-MW,2025-07-09,2025-08-10,2025-08-09,330,320,315,12.12,Delivered
PO-00210,SUP-005,P007,WH-W,2026-08-17,2026-09-18,2026-09-14,692,657,639,12.05,Delivered
PO-00211,SUP-005,P018,WH-NE,2026-06-18,2026-07-20,2026-07-17,985,938,923,5.93,Delivered
PO-00212,SUP-005,P018,WH-NE,2025-09-25,2025-10-27,2025-10-22,269,261,253,5.72,Delivered
PO-00213,SUP-005,P008,WH-NE,2026-05-20,2026-06-21,2026-06-16,1172,1143,1113,18.58,Delivered
PO-00214,SUP-005,P007,WH-SE,2025-06-08,2025-07-10,2025-07-06,774,738,714,12.51,Delivered
PO-00215,SUP-005,P007,WH-MW,2026-01-13,2026-02-14,2026-02-09,602,587,578,12.04,Delivered
PO-00216,SUP-005,P008,WH-W,2026-01-09,2026-02-10,2026-02-14,183,172,169,18.54,Delivered
PO-00217,SUP-005,P007,WH-MW,2026-01-05,2026-02-06,2026-02-03,1036,1030,1014,12.18,Delivered
PO-00218,SUP-005,P008,WH-NE,2025-07-11,2025-08-12,2025-08-09,463,446,440,19.35,Delivered
PO-00219,SUP-005,P007,WH-MW,2026-04-18,2026-05-20,2026-05-19,1132,1065,1028,12.05,Delivered
PO-00220,SUP-005,P018,WH-W,2026-04-30,2026-06-01,2026-05-28,944,893,868,5.94,Delivered
PO-00221,SUP-005,P008,WH-SE,2026-06-24,2026-07-26,2026-07-24,320,310,299,19.63,Delivered
PO-00222,SUP-005,P008,WH-NE,2026-05-07,2026-06-08,2026-06-07,937,885,861,19.06,Delivered
PO-00223,SUP-005,P007,WH-W,2026-06-29,2026-07-31,2026-07-27,536,505,492,12.21,Delivered
PO-00224,SUP-005,P018,WH-MW,2026-04-09,2026-05-11,2026-05-11,486,463,456,5.95,Delivered
PO-00225,SUP-005,P007,WH-MW,2026-07-27,2026-08-28,2026-09-07,580,572,551,12.87,Delivered
PO-00226,SUP-005,P007,WH-MW,2025-12-17,2026-01-18,2026-01-29,942,937,908,12.33,Delivered
PO-00227,SUP-005,P008,WH-W,2026-02-18,2026-03-22,,778,0,0,18.52,Cancelled
PO-00228,SUP-005,P007,WH-NE,2026-05-05,2026-06-06,2026-06-15,337,318,316,12.41,Delivered
PO-00229,SUP-005,P018,WH-SE,2025-09-13,2025-10-15,2025-10-16,524,494,488,5.99,Delivered
PO-00230,SUP-005,P018,WH-W,2025-09-13,2025-10-15,2025-10-10,308,291,281,5.85,Delivered
PO-00231,SUP-005,P007,WH-MW,2026-08-09,2026-09-10,2026-09-09,297,291,283,12.49,Delivered
PO-00232,SUP-005,P007,WH-SE,2026-08-06,2026-09-07,2026-09-04,917,908,891,12.39,Delivered
PO-00233,SUP-005,P018,WH-W,2025-08-21,2025-09-22,2025-09-21,852,806,788,5.96,Delivered
PO-00234,SUP-005,P018,WH-SE,2025-08-13,2025-09-14,2025-09-13,1158,1106,1080,5.67,Delivered
PO-00235,SUP-005,P018,WH-W,2026-03-14,2026-04-15,2026-04-14,193,184,177,5.9,Delivered
PO-00236,SUP-005,P008,WH-MW,2025-11-20,2025-12-22,2025-12-21,1167,1104,1070,18.51,Delivered
PO-00237,SUP-005,P018,WH-SE,2026-02-01,2026-03-05,2026-03-04,671,664,656,5.95,Delivered
PO-00238,SUP-005,P008,WH-W,2026-07-04,2026-08-05,2026-08-02,1065,1063,1035,18.65,Delivered
PO-00239,SUP-005,P018,WH-MW,2026-05-18,2026-06-19,2026-06-19,623,622,604,5.79,Delivered
PO-00240,SUP-005,P007,WH-W,2026-07-02,2026-08-03,2026-08-17,1159,1150,1137,12.36,Delivered
PO-00241,SUP-006,P023,WH-W,2026-09-01,2026-10-16,,257,0,0,3.51,Open
PO-00242,SUP-006,P009,WH-NE,2026-05-20,2026-07-04,2026-06-30,385,365,346,4.53,Delivered
PO-00243,SUP-006,P023,WH-NE,2025-08-04,2025-09-18,2025-09-16,859,858,824,3.5,Delivered
PO-00244,SUP-006,P023,WH-MW,2026-06-01,2026-07-16,2026-07-25,792,752,726,3.62,Delivered
PO-00245,SUP-006,P023,WH-W,2026-07-26,2026-09-09,2026-09-09,705,674,647,3.59,Delivered
PO-00246,SUP-006,P009,WH-MW,2026-06-18,2026-08-02,2026-07-31,187,176,173,4.54,Delivered
PO-00247,SUP-006,P023,WH-W,2026-04-21,2026-06-05,2026-06-05,199,195,186,3.59,Delivered
PO-00248,SUP-006,P009,WH-NE,2025-07-14,2025-08-28,2025-08-24,679,645,614,4.51,Delivered
PO-00249,SUP-006,P009,WH-MW,2026-06-18,2026-08-02,2026-08-08,912,866,821,4.65,Delivered
PO-00250,SUP-006,P023,WH-NE,2026-04-06,2026-05-21,,1146,0,0,3.59,Cancelled
PO-00251,SUP-006,P009,WH-SE,2026-01-03,2026-02-17,2026-02-28,234,232,224,4.63,Delivered
PO-00252,SUP-006,P009,WH-NE,2025-11-02,2025-12-17,2025-12-16,1167,1131,1104,4.49,Delivered
PO-00253,SUP-006,P023,WH-W,2026-04-05,2026-05-20,2026-05-17,592,578,550,3.52,Delivered
PO-00254,SUP-006,P009,WH-SE,2026-07-28,2026-09-11,2026-09-06,474,466,440,4.6,Delivered
PO-00255,SUP-006,P010,WH-W,2026-06-10,2026-07-25,2026-07-28,293,278,271,3.95,Delivered
PO-00256,SUP-006,P023,WH-W,2026-02-20,2026-04-06,2026-04-06,1082,1060,1014,3.59,Delivered
PO-00257,SUP-006,P009,WH-W,2025-07-24,2025-09-07,2025-09-11,908,854,817,4.71,Delivered
PO-00258,SUP-006,P023,WH-NE,2026-08-14,2026-09-28,2026-09-28,216,208,196,3.66,Delivered
PO-00259,SUP-006,P023,WH-W,2026-01-16,2026-03-02,2026-02-28,989,932,905,3.62,Delivered
PO-00260,SUP-006,P010,WH-MW,2026-04-08,2026-05-23,2026-05-18,753,728,695,4.0,Delivered
PO-00261,SUP-006,P023,WH-MW,2025-09-29,2025-11-13,2025-11-08,857,840,812,3.52,Delivered
PO-00262,SUP-006,P023,WH-MW,2025-10-19,2025-12-03,2025-12-02,312,295,286,3.64,Delivered
PO-00263,SUP-006,P009,WH-W,2025-06-17,2025-08-01,2025-07-31,268,262,250,4.73,Delivered
PO-00264,SUP-006,P009,WH-MW,2026-04-08,2026-05-23,,864,0,0,4.73,Cancelled
PO-00265,SUP-006,P023,WH-NE,2026-02-08,2026-03-25,2026-03-25,710,698,668,3.57,Delivered
PO-00266,SUP-006,P023,WH-MW,2026-03-14,2026-04-28,2026-04-26,817,795,768,3.53,Delivered
PO-00267,SUP-006,P010,WH-SE,2025-10-13,2025-11-27,2025-11-22,1108,1054,1029,3.98,Delivered
PO-00268,SUP-006,P023,WH-SE,2026-01-22,2026-03-08,2026-03-08,690,688,652,3.55,Delivered
PO-00269,SUP-006,P009,WH-MW,2025-09-15,2025-10-30,2025-10-26,751,717,691,4.76,Delivered
PO-00270,SUP-006,P009,WH-NE,2025-08-04,2025-09-18,2025-09-15,286,277,270,4.71,Delivered
PO-00271,SUP-006,P009,WH-SE,2026-01-30,2026-03-16,2026-03-14,1115,1063,1028,4.67,Delivered
PO-00272,SUP-006,P023,WH-SE,2026-02-26,2026-04-12,2026-04-20,174,172,165,3.71,Delivered
PO-00273,SUP-006,P023,WH-SE,2025-08-16,2025-09-30,2025-10-04,588,568,540,3.71,Delivered
PO-00274,SUP-006,P010,WH-SE,2026-06-11,2026-07-26,2026-07-23,835,802,767,3.85,Delivered
PO-00275,SUP-006,P009,WH-W,2026-01-10,2026-02-24,2026-02-19,1153,1132,1105,4.65,Delivered
PO-00276,SUP-006,P009,WH-SE,2025-08-31,2025-10-15,2025-10-23,982,978,937,4.47,Delivered
PO-00277,SUP-006,P009,WH-W,2025-09-26,2025-11-10,2025-11-10,1086,1054,1014,4.74,Delivered
PO-00278,SUP-006,P010,WH-W,2026-07-21,2026-09-04,,505,0,0,3.89,Cancelled
PO-00279,SUP-006,P010,WH-SE,2025-09-03,2025-10-18,,503,0,0,3.93,Cancelled
PO-00280,SUP-006,P023,WH-SE,2025-10-10,2025-11-24,2025-11-23,583,560,535,3.6,Delivered
PO-00281,SUP-006,P023,WH-SE,2025-06-03,2025-07-18,2025-07-18,1109,1059,1007,3.55,Delivered
PO-00282,SUP-006,P023,WH-MW,2026-07-22,2026-09-05,2026-09-03,352,332,310,3.64,Delivered
PO-00283,SUP-006,P009,WH-SE,2026-05-19,2026-07-03,2026-07-03,710,696,675,4.6,Delivered
PO-00284,SUP-006,P023,WH-W,2026-04-14,2026-05-29,2026-05-29,1019,999,965,3.73,Delivered
PO-00285,SUP-006,P023,WH-SE,2025-10-31,2025-12-15,2025-12-14,631,621,598,3.61,Delivered
PO-00286,SUP-006,P023,WH-W,2026-07-02,2026-08-16,2026-08-12,916,868,839,3.6,Delivered
PO-00287,SUP-006,P009,WH-MW,2025-07-06,2025-08-20,2025-08-15,792,781,739,4.47,Delivered
PO-00288,SUP-006,P023,WH-MW,2025-06-27,2025-08-11,2025-08-08,788,754,725,3.69,Delivered
PO-00289,SUP-007,P021,WH-SE,2025-05-26,2025-06-25,2025-06-20,179,173,168,23.48,Delivered
PO-00290,SUP-007,P021,WH-MW,2026-06-30,2026-07-30,2026-07-29,816,805,794,24.02,Delivered
PO-00291,SUP-007,P011,WH-SE,2025-11-20,2025-12-20,2025-12-15,780,752,752,17.08,Delivered
PO-00292,SUP-007,P011,WH-NE,2025-05-18,2025-06-17,2025-06-17,626,621,616,17.22,Delivered
PO-00293,SUP-007,P021,WH-NE,2025-12-05,2026-01-04,2025-12-31,519,509,509,23.99,Delivered
PO-00294,SUP-007,P011,WH-W,2026-08-17,2026-09-16,2026-09-12,421,403,401,17.7,Delivered
PO-00295,SUP-007,P011,WH-MW,2026-03-08,2026-04-07,2026-04-05,1028,1020,1012,17.91,Delivered
PO-00296,SUP-007,P021,WH-NE,2025-10-19,2025-11-18,2025-11-18,1113,1094,1085,24.46,Delivered
PO-00297,SUP-007,P021,WH-SE,2025-08-02,2025-09-01,2025-08-27,342,339,333,24.81,Delivered
PO-00298,SUP-007,P021,WH-MW,2025-09-16,2025-10-16,2025-10-12,507,496,489,24.81,Delivered
PO-00299,SUP-007,P011,WH-W,2026-06-18,2026-07-18,2026-07-13,397,396,396,17.99,Delivered
PO-00300,SUP-007,P011,WH-SE,2025-06-30,2025-07-30,2025-07-27,1097,1085,1085,17.12,Delivered
PO-00301,SUP-007,P021,WH-MW,2025-06-23,2025-07-23,2025-08-02,458,433,429,24.73,Delivered
PO-00302,SUP-007,P011,WH-W,2026-06-28,2026-07-28,2026-07-25,825,783,770,18.01,Delivered
PO-00303,SUP-007,P021,WH-MW,2026-01-26,2026-02-25,2026-02-24,181,178,175,23.28,Delivered
PO-00304,SUP-007,P011,WH-SE,2026-07-12,2026-08-11,2026-08-07,366,361,355,17.4,Delivered
PO-00305,SUP-007,P021,WH-W,2025-11-01,2025-12-01,2025-11-28,755,718,708,24.73,Delivered
PO-00306,SUP-007,P011,WH-NE,2026-01-30,2026-03-01,2026-02-26,176,166,161,17.03,Delivered
PO-00307,SUP-007,P011,WH-SE,2025-11-16,2025-12-16,2025-12-21,875,868,858,17.23,Delivered
PO-00308,SUP-007,P011,WH-NE,2026-01-01,2026-01-31,2026-01-28,799,770,766,18.0,Delivered
PO-00309,SUP-007,P021,WH-W,2026-01-22,2026-02-21,2026-02-18,859,810,798,24.38,Delivered
PO-00310,SUP-007,P021,WH-MW,2025-07-29,2025-08-28,2025-08-27,514,512,499,23.35,Delivered
PO-00311,SUP-007,P011,WH-SE,2026-07-13,2026-08-12,2026-08-08,962,956,930,17.4,Delivered
PO-00312,SUP-007,P021,WH-MW,2026-03-07,2026-04-06,2026-04-04,769,759,757,24.65,Delivered
PO-00313,SUP-007,P021,WH-NE,2025-08-28,2025-09-27,2025-09-27,976,949,930,23.29,Delivered
PO-00314,SUP-007,P011,WH-MW,2025-09-27,2025-10-27,2025-10-27,224,211,211,17.14,Delivered
PO-00315,SUP-007,P011,WH-W,2025-12-31,2026-01-30,2026-01-29,495,485,480,17.85,Delivered
PO-00316,SUP-007,P011,WH-W,2026-06-29,2026-07-29,,383,0,0,17.74,Cancelled
PO-00317,SUP-007,P011,WH-W,2025-05-22,2025-06-21,2025-06-20,264,262,258,17.26,Delivered
PO-00318,SUP-007,P021,WH-MW,2026-07-09,2026-08-08,2026-08-08,298,295,295,24.92,Delivered
PO-00319,SUP-007,P011,WH-W,2025-06-09,2025-07-09,2025-07-08,294,284,281,16.99,Delivered
PO-00320,SUP-007,P011,WH-SE,2026-04-23,2026-05-23,2026-05-18,521,497,494,17.21,Delivered
PO-00321,SUP-007,P011,WH-W,2026-04-29,2026-05-29,2026-05-28,320,307,305,16.98,Delivered
PO-00322,SUP-007,P011,WH-W,2026-06-27,2026-07-27,2026-07-26,1062,1034,1033,17.76,Delivered
PO-00323,SUP-007,P011,WH-NE,2026-07-06,2026-08-05,2026-08-01,278,264,260,17.53,Delivered
PO-00324,SUP-007,P021,WH-SE,2026-02-12,2026-03-14,2026-03-14,1199,1150,1135,23.63,Delivered
PO-00325,SUP-007,P021,WH-MW,2025-07-25,2025-08-24,2025-08-20,636,617,608,23.95,Delivered
PO-00326,SUP-007,P021,WH-MW,2026-03-21,2026-04-20,2026-04-15,902,875,871,23.7,Delivered
PO-00327,SUP-007,P021,WH-W,2026-07-13,2026-08-12,2026-08-09,162,154,154,23.41,Delivered
PO-00328,SUP-007,P011,WH-NE,2025-08-12,2025-09-11,2025-09-10,492,479,471,17.48,Delivered
PO-00329,SUP-007,P011,WH-NE,2026-04-18,2026-05-18,2026-05-14,665,647,641,18.08,Delivered
PO-00330,SUP-007,P011,WH-W,2025-08-20,2025-09-19,2025-09-17,157,152,149,17.64,Delivered
PO-00331,SUP-007,P011,WH-NE,2026-09-13,2026-10-13,,874,0,0,17.1,Open
PO-00332,SUP-007,P011,WH-MW,2026-06-26,2026-07-26,2026-07-24,1112,1050,1045,18.14,Delivered
PO-00333,SUP-007,P021,WH-NE,2025-08-27,2025-09-26,2025-09-24,416,393,384,24.3,Delivered
PO-00334,SUP-007,P011,WH-SE,2025-12-31,2026-01-30,2026-01-28,283,274,267,17.46,Delivered
PO-00335,SUP-007,P011,WH-W,2025-06-04,2025-07-04,2025-07-01,265,265,258,17.04,Delivered
PO-00336,SUP-007,P011,WH-MW,2025-11-23,2025-12-23,2025-12-20,150,147,147,17.71,Delivered
PO-00337,SUP-008,P013,WH-MW,2026-01-04,2026-02-11,2026-02-13,994,983,949,7.07,Delivered
PO-00338,SUP-008,P013,WH-SE,2025-06-22,2025-07-30,2025-07-29,536,510,498,7.38,Delivered
PO-00339,SUP-008,P017,WH-SE,2026-02-06,2026-03-16,2026-03-12,441,440,428,3.22,Delivered
PO-00340,SUP-008,P017,WH-SE,2026-01-02,2026-02-09,2026-02-06,254,250,241,3.26,Delivered
PO-00341,SUP-008,P022,WH-NE,2026-04-23,2026-05-31,2026-05-30,1155,1106,1067,1.24,Delivered
PO-00342,SUP-008,P013,WH-SE,2025-09-11,2025-10-19,2025-10-15,564,559,541,6.99,Delivered
PO-00343,SUP-008,P013,WH-NE,2025-08-14,2025-09-21,2025-09-19,288,285,275,7.38,Delivered
PO-00344,SUP-008,P013,WH-MW,2025-09-12,2025-10-20,2025-10-15,436,428,406,7.34,Delivered
PO-00345,SUP-008,P022,WH-W,2026-05-12,2026-06-19,,696,0,0,1.19,Cancelled
PO-00346,SUP-008,P022,WH-SE,2025-10-09,2025-11-16,2025-11-11,412,407,390,1.18,Delivered
PO-00347,SUP-008,P013,WH-MW,2025-12-30,2026-02-06,2026-02-03,1098,1078,1053,6.9,Delivered
PO-00348,SUP-008,P017,WH-NE,2025-08-24,2025-10-01,2025-10-15,828,815,774,3.13,Delivered
PO-00349,SUP-008,P013,WH-W,2025-11-25,2026-01-02,2026-01-11,1179,1177,1134,7.29,Delivered
PO-00350,SUP-008,P022,WH-W,2025-08-18,2025-09-25,2025-09-24,493,489,473,1.2,Delivered
PO-00351,SUP-008,P022,WH-W,2025-06-11,2025-07-19,2025-07-16,1158,1115,1072,1.19,Delivered
PO-00352,SUP-008,P022,WH-W,2026-01-28,2026-03-07,2026-03-02,998,968,940,1.24,Delivered
PO-00353,SUP-008,P017,WH-W,2026-05-20,2026-06-27,2026-06-27,274,274,266,3.06,Delivered
PO-00354,SUP-008,P017,WH-NE,2025-12-24,2026-01-31,2026-01-26,892,867,833,3.07,Delivered
PO-00355,SUP-008,P017,WH-W,2026-06-01,2026-07-09,2026-07-04,619,605,590,3.27,Delivered
PO-00356,SUP-008,P013,WH-W,2026-07-08,2026-08-15,2026-08-14,718,677,660,7.05,Delivered
PO-00357,SUP-008,P017,WH-NE,2026-03-10,2026-04-17,2026-04-17,672,634,609,3.13,Delivered
PO-00358,SUP-008,P017,WH-W,2026-03-05,2026-04-12,2026-04-11,603,587,567,3.14,Delivered
PO-00359,SUP-008,P017,WH-NE,2026-08-24,2026-10-01,2026-09-27,381,372,363,3.13,Delivered
PO-00360,SUP-008,P017,WH-W,2025-07-31,2025-09-07,2025-09-04,817,788,769,3.07,Delivered
PO-00361,SUP-008,P017,WH-NE,2026-05-31,2026-07-08,2026-07-08,806,759,725,3.2,Delivered
PO-00362,SUP-008,P022,WH-NE,2025-05-24,2025-07-01,,950,0,0,1.22,Cancelled
PO-00363,SUP-008,P022,WH-W,2026-01-02,2026-02-09,2026-02-13,197,189,181,1.19,Delivered
PO-00364,SUP-008,P017,WH-SE,2025-06-17,2025-07-25,2025-07-24,986,944,915,3.25,Delivered
PO-00365,SUP-008,P017,WH-SE,2026-03-02,2026-04-09,2026-04-06,508,483,470,3.19,Delivered
PO-00366,SUP-008,P022,WH-W,2026-07-19,2026-08-26,2026-08-22,269,259,252,1.21,Delivered
PO-00367,SUP-008,P022,WH-W,2026-05-15,2026-06-22,2026-07-03,277,276,270,1.22,Delivered
PO-00368,SUP-008,P017,WH-W,2025-08-25,2025-10-02,2025-09-30,615,583,557,3.23,Delivered
PO-00369,SUP-008,P013,WH-NE,2026-03-27,2026-05-04,2026-05-04,584,550,531,6.9,Delivered
PO-00370,SUP-008,P017,WH-MW,2025-06-21,2025-07-29,2025-07-25,903,862,840,3.22,Delivered
PO-00371,SUP-008,P022,WH-MW,2026-05-15,2026-06-22,2026-06-19,721,704,687,1.22,Delivered
PO-00372,SUP-008,P017,WH-SE,2026-07-04,2026-08-11,2026-08-07,319,308,301,3.14,Delivered
PO-00373,SUP-008,P022,WH-W,2025-07-26,2025-09-02,2025-08-31,467,444,423,1.18,Delivered
PO-00374,SUP-008,P013,WH-NE,2025-11-15,2025-12-23,2025-12-18,222,218,211,6.96,Delivered
PO-00375,SUP-008,P017,WH-NE,2026-04-16,2026-05-24,2026-05-24,915,873,833,3.22,Delivered
PO-00376,SUP-008,P017,WH-SE,2025-09-04,2025-10-12,2025-10-11,405,399,391,3.22,Delivered
PO-00377,SUP-008,P017,WH-NE,2026-07-24,2026-08-31,2026-08-27,488,478,465,3.18,Delivered
PO-00378,SUP-008,P017,WH-MW,2025-11-11,2025-12-19,2025-12-15,767,757,714,3.13,Delivered
PO-00379,SUP-008,P017,WH-SE,2025-05-18,2025-06-25,2025-06-26,771,750,725,3.23,Delivered
PO-00380,SUP-008,P013,WH-MW,2026-03-17,2026-04-24,2026-04-21,472,470,457,7.36,Delivered
PO-00381,SUP-008,P017,WH-NE,2026-07-17,2026-08-24,2026-08-22,302,294,285,3.1,Delivered
PO-00382,SUP-008,P022,WH-SE,2025-06-09,2025-07-17,2025-07-15,750,710,693,1.21,Delivered
PO-00383,SUP-008,P022,WH-W,2026-03-11,2026-04-18,2026-04-16,898,844,811,1.21,Delivered
PO-00384,SUP-008,P022,WH-SE,2025-08-02,2025-09-09,2025-09-05,1018,969,952,1.24,Delivered
